-- --------------------------------------------------------
-- Host:                         127.0.0.1
-- Server version:               11.1.2-MariaDB - mariadb.org binary distribution
-- Server OS:                    Win64
-- HeidiSQL Version:             12.3.0.6589
-- --------------------------------------------------------

/*!40101 SET @OLD_CHARACTER_SET_CLIENT=@@CHARACTER_SET_CLIENT */;
/*!40101 SET NAMES utf8 */;
/*!50503 SET NAMES utf8mb4 */;
/*!40103 SET @OLD_TIME_ZONE=@@TIME_ZONE */;
/*!40103 SET TIME_ZONE='+00:00' */;
/*!40014 SET @OLD_FOREIGN_KEY_CHECKS=@@FOREIGN_KEY_CHECKS, FOREIGN_KEY_CHECKS=0 */;
/*!40101 SET @OLD_SQL_MODE=@@SQL_MODE, SQL_MODE='NO_AUTO_VALUE_ON_ZERO' */;
/*!40111 SET @OLD_SQL_NOTES=@@SQL_NOTES, SQL_NOTES=0 */;


-- Dumping database structure for register_for_course
CREATE DATABASE IF NOT EXISTS `register_for_course` /*!40100 DEFAULT CHARACTER SET utf8mb4 COLLATE utf8mb4_general_ci */;
USE `register_for_course`;

-- Dumping structure for table register_for_course.accounts
CREATE TABLE IF NOT EXISTS `accounts` (
  `id` bigint(20) NOT NULL AUTO_INCREMENT,
  `password` varchar(255) DEFAULT NULL,
  `student_code` varchar(255) DEFAULT NULL,
  `user_id` bigint(20) DEFAULT NULL,
  PRIMARY KEY (`id`),
  UNIQUE KEY `UK_e4w4av1wrhanry7t6mxt42nou` (`user_id`),
  CONSTRAINT `FKnjuop33mo69pd79ctplkck40n` FOREIGN KEY (`user_id`) REFERENCES `users` (`id`)
) ENGINE=InnoDB AUTO_INCREMENT=3 DEFAULT CHARSET=utf8mb4 COLLATE=utf8mb4_general_ci;

-- Dumping data for table register_for_course.accounts: ~2 rows (approximately)
INSERT INTO `accounts` (`id`, `password`, `student_code`, `user_id`) VALUES
	(1, '$2a$12$uOSyawz938Yd6XjKI5Qciu43nZmkekjDhi/Lc27ThMu6ipiG3gg9m', '20040331', 1),
	(2, '$2a$12$uOSyawz938Yd6XjKI5Qciu43nZmkekjDhi/Lc27ThMu6ipiG3gg9m', '20041421', 2);

-- Dumping structure for table register_for_course.courses
CREATE TABLE IF NOT EXISTS `courses` (
  `id` bigint(20) NOT NULL AUTO_INCREMENT,
  `course_code` varchar(255) DEFAULT NULL,
  `credits` bigint(20) NOT NULL,
  `name` varchar(255) DEFAULT NULL,
  `type_course` tinyint(4) DEFAULT NULL CHECK (`type_course` between 0 and 1),
  `major_id` bigint(20) DEFAULT NULL,
  `prerequisite_id` bigint(20) DEFAULT NULL,
  PRIMARY KEY (`id`),
  KEY `FK7vf5q4vds30s891y7hdk54ice` (`major_id`),
  KEY `FK71njxyd302in5raijd5hvdk7u` (`prerequisite_id`),
  CONSTRAINT `FK71njxyd302in5raijd5hvdk7u` FOREIGN KEY (`prerequisite_id`) REFERENCES `courses` (`id`),
  CONSTRAINT `FK7vf5q4vds30s891y7hdk54ice` FOREIGN KEY (`major_id`) REFERENCES `majors` (`id`)
) ENGINE=InnoDB AUTO_INCREMENT=29 DEFAULT CHARSET=utf8mb4 COLLATE=utf8mb4_general_ci;

-- Dumping data for table register_for_course.courses: ~28 rows (approximately)
INSERT INTO `courses` (`id`, `course_code`, `credits`, `name`, `type_course`, `major_id`, `prerequisite_id`) VALUES
	(1, '4203002009', 2, 'Nhập môn Tin học', 1, 1, NULL),
	(2, '4203003192', 2, 'Kỹ năng làm việc nhóm', 1, 1, NULL),
	(3, '4203003242', 4, 'Giáo dục Quốc phòng và An ninh 1', 1, 1, NULL),
	(4, '4203003259', 2, 'Toán cao cấp 1', 1, 1, NULL),
	(5, '4203003307', 2, 'Giáo dục thể chất 1', 1, 1, NULL),
	(6, '4203003848', 2, 'Nhập môn Lập trình', 1, 1, NULL),
	(7, '4203014164', 3, 'Triết học Mác - Lênin', 1, 1, NULL),
	(8, '4203000941', 3, 'Kỹ thuật lập trình', 1, 1, 6),
	(9, '4203002137', 4, 'Hệ Thống Máy tính', 1, 1, NULL),
	(10, '4203003067', 3, 'Tiếng anh 1', 1, 1, NULL),
	(11, '4203003306', 2, 'Giáo dục thể chất 2', 1, 1, NULL),
	(12, '4203003354', 4, 'Giáo dục quốc phòng và an ninh 2', 1, 1, NULL),
	(13, '4203014165', 2, 'Kinh tế chính trị Mác - Lênin', 1, 1, 7),
	(14, '4203003193', 3, 'Toán ứng dụng', 0, 1, NULL),
	(15, '4203003240', 3, 'Hàm phức và phép biến đổi Laplace', 0, 1, NULL),
	(16, '4203003320', 3, 'Phương pháp tính', 0, 1, NULL),
	(17, '4203003345', 3, 'Vật lý đại cương', 0, 1, NULL),
	(18, '4203003395', 3, 'Logic học', 0, 1, NULL),
	(19, '4203000901', 3, 'Cấu trúc rời rạc', 1, 1, NULL),
	(20, '4203000942', 4, 'Cấu trúc dữ liệu và giải thuật', 1, 1, 6),
	(21, '4203001146', 4, 'Hệ cơ sở dữ liệu', 1, 1, 1),
	(22, '4203002421', 3, 'Tiếng Anh 2', 1, 1, 10),
	(23, '4203003288', 2, 'Toán cao cấp 2', 1, 1, NULL),
	(24, '4203003591', 3, 'Lập trình hướng đối tượng', 1, 1, 6),
	(25, '4203003196', 3, 'Giao tiếp kinh doanh', 0, 1, NULL),
	(26, '4203003197', 3, 'Kỹ năng xây dựng kế hoạch', 0, 1, NULL),
	(27, '4203003205', 3, 'Quản trị doanh nghiệp', 0, 1, NULL),
	(28, '4203003206', 3, 'Môi trường và con người', 0, 1, NULL);

-- Dumping structure for table register_for_course.course_sections
CREATE TABLE IF NOT EXISTS `course_sections` (
  `id` bigint(20) NOT NULL AUTO_INCREMENT,
  `section_code` varchar(255) DEFAULT NULL,
  `course_id` bigint(20) DEFAULT NULL,
  `status` bit(1) DEFAULT NULL,
  `class_name` varchar(50) DEFAULT NULL,
  `semester` varchar(50) DEFAULT NULL,
  `end_time` date DEFAULT NULL,
  `start_time` date DEFAULT NULL,
  PRIMARY KEY (`id`),
  KEY `FK4xiaseygl0aodt5ahkbm8s2ds` (`course_id`),
  CONSTRAINT `FK4xiaseygl0aodt5ahkbm8s2ds` FOREIGN KEY (`course_id`) REFERENCES `courses` (`id`)
) ENGINE=InnoDB AUTO_INCREMENT=128 DEFAULT CHARSET=utf8mb4 COLLATE=utf8mb4_general_ci;

-- Dumping data for table register_for_course.course_sections: ~84 rows (approximately)
INSERT INTO `course_sections` (`id`, `section_code`, `course_id`, `status`, `class_name`, `semester`, `end_time`, `start_time`) VALUES
	(41, '420300200901', 1, b'1', 'DHKTPM16O', 'HK1 (2024-2025)', '2024-05-30', '2024-01-18'),
	(42, '420300319201', 2, b'1', 'DHKTPM16P', 'HK1 (2024-2025)', '2024-05-30', '2024-01-18'),
	(43, '420300324201', 3, b'0', 'DHKTPM16Q', 'HK1 (2024-2025)', '2024-05-30', '2024-01-18'),
	(44, '420300325901', 4, b'0', 'DHKTPM16R', 'HK1 (2024-2025)', '2024-05-30', '2024-01-18'),
	(45, '420300330701', 5, b'0', 'DHKTPM16S', 'HK1 (2024-2025)', '2024-05-30', '2024-01-18'),
	(46, '420300384801', 6, b'0', 'DHKTPM16T', 'HK1 (2024-2025)', '2024-05-30', '2024-01-18'),
	(47, '420301416401', 7, b'0', 'DHKTPM16U', 'HK1 (2024-2025)', '2024-05-30', '2024-01-18'),
	(48, '420300094101', 8, b'0', 'DHKTPM16V', 'HK2 (2024-2025)', '2024-11-05', '2024-07-01'),
	(49, '420300213701', 9, b'0', 'DHKTPM16W', 'HK2 (2024-2025)', '2024-11-05', '2024-07-01'),
	(50, '420300306701', 10, b'0', 'DHKTPM16X', 'HK2 (2024-2025)', '2024-11-05', '2024-07-01'),
	(51, '420300330601', 11, b'0', 'DHKTPM16Y', 'HK2 (2024-2025)', '2024-11-05', '2024-07-01'),
	(52, '420300335401', 12, b'0', 'DHKTPM16@', 'HK2 (2024-2025)', '2024-11-05', '2024-07-01'),
	(53, '420301416501', 13, b'0', 'DHKTPM16A', 'HK2 (2024-2025)', '2024-11-05', '2024-07-01'),
	(54, '420300319301', 14, b'0', 'DHKTPM16B', 'HK2 (2024-2025)', '2024-11-05', '2024-07-01'),
	(55, '420300324001', 15, b'0', 'DHKTPM16C', 'HK2 (2024-2025)', '2024-11-05', '2024-07-01'),
	(56, '420300332001', 16, b'0', 'DHKTPM16D', 'HK2 (2024-2025)', '2024-11-05', '2024-07-01'),
	(57, '420300334501', 17, b'0', 'DHKTPM16E', 'HK2 (2024-2025)', '2024-11-05', '2024-07-01'),
	(58, '420300339501', 18, b'0', 'DHKTPM16F', 'HK2 (2024-2025)', '2024-11-05', '2024-07-01'),
	(59, '420300090101', 19, b'0', 'DHKTPM16G', 'HK1 (2025-2026)', '2025-05-25', '2025-01-05'),
	(60, '420300094201', 20, b'0', 'DHKTPM16H', 'HK1 (2025-2026)', '2025-05-25', '2025-01-05'),
	(61, '420300114601', 21, b'0', 'DHKTPM16I', 'HK1 (2025-2026)', '2025-05-25', '2025-01-05'),
	(62, '420300242101', 22, b'0', 'DHKTPM16J', 'HK1 (2025-2026)', '2025-05-25', '2025-01-05'),
	(63, '420300328801', 23, b'0', 'DHKTPM16K', 'HK1 (2025-2026)', '2025-05-25', '2025-01-05'),
	(64, '420300359101', 24, b'0', 'DHKTPM16L', 'HK1 (2025-2026)', '2025-05-25', '2025-01-05'),
	(65, '420300319601', 25, b'0', 'DHKTPM16M', 'HK1 (2025-2026)', '2025-05-25', '2025-01-05'),
	(66, '420300319701', 26, b'0', 'DHKTPM16N', 'HK1 (2025-2026)', '2025-05-25', '2025-01-05'),
	(67, '420300320501', 27, b'0', 'DHKTPM16O', 'HK1 (2025-2026)', '2025-05-25', '2025-01-05'),
	(68, '420300320601', 28, b'0', 'DHKTPM16P', 'HK1 (2025-2026)', '2025-05-25', '2025-01-05'),
	(72, '420300200902', 1, b'0', 'DHKTPM16T', 'HK1 (2024-2025)', '2024-05-30', '2024-01-18'),
	(73, '420300319202', 2, b'0', 'DHKTPM16U', 'HK1 (2024-2025)', '2024-05-30', '2024-01-18'),
	(74, '420300324202', 3, b'0', 'DHKTPM16V', 'HK1 (2024-2025)', '2024-05-30', '2024-01-18'),
	(75, '420300325902', 4, b'0', 'DHKTPM16W', 'HK1 (2024-2025)', '2024-05-30', '2024-01-18'),
	(76, '420300330702', 5, b'0', 'DHKTPM16X', 'HK1 (2024-2025)', '2024-05-30', '2024-01-18'),
	(77, '420300384802', 6, b'0', 'DHKTPM16Y', 'HK1 (2024-2025)', '2024-05-30', '2024-01-18'),
	(78, '420301416402', 7, b'0', 'DHKTPM16@', 'HK1 (2024-2025)', '2024-05-30', '2024-01-18'),
	(79, '420300094102', 8, b'0', 'DHKTPM16A', 'HK2 (2024-2025)', '2024-11-05', '2024-07-01'),
	(80, '420300213702', 9, b'0', 'DHKTPM16B', 'HK2 (2024-2025)', '2024-11-05', '2024-07-01'),
	(81, '420300306702', 10, b'0', 'DHKTPM16C', 'HK2 (2024-2025)', '2024-11-05', '2024-07-01'),
	(82, '420300330602', 11, b'0', 'DHKTPM16D', 'HK2 (2024-2025)', '2024-11-05', '2024-07-01'),
	(83, '420300335402', 12, b'0', 'DHKTPM16E', 'HK2 (2024-2025)', '2024-11-05', '2024-07-01'),
	(84, '420301416502', 13, b'0', 'DHKTPM16F', 'HK2 (2024-2025)', '2024-11-05', '2024-07-01'),
	(85, '420300319302', 14, b'0', 'DHKTPM16G', 'HK2 (2024-2025)', '2024-11-05', '2024-07-01'),
	(86, '420300324002', 15, b'0', 'DHKTPM16H', 'HK2 (2024-2025)', '2024-11-05', '2024-07-01'),
	(87, '420300332002', 16, b'0', 'DHKTPM16I', 'HK2 (2024-2025)', '2024-11-05', '2024-07-01'),
	(88, '420300334502', 17, b'0', 'DHKTPM16J', 'HK2 (2024-2025)', '2024-11-05', '2024-07-01'),
	(89, '420300339502', 18, b'0', 'DHKTPM16K', 'HK2 (2024-2025)', '2024-11-05', '2024-07-01'),
	(90, '420300090102', 19, b'0', 'DHKTPM16L', 'HK1 (2025-2026)', '2025-05-25', '2025-01-05'),
	(91, '420300094202', 20, b'0', 'DHKTPM16M', 'HK1 (2025-2026)', '2025-05-25', '2025-01-05'),
	(92, '420300114602', 21, b'0', 'DHKTPM16N', 'HK1 (2025-2026)', '2025-05-25', '2025-01-05'),
	(93, '420300242102', 22, b'0', 'DHKTPM16O', 'HK1 (2025-2026)', '2025-05-25', '2025-01-05'),
	(94, '420300328802', 23, b'0', 'DHKTPM16P', 'HK1 (2025-2026)', '2025-05-25', '2025-01-05'),
	(95, '420300359102', 24, b'0', 'DHKTPM16Q', 'HK1 (2025-2026)', '2025-05-25', '2025-01-05'),
	(96, '420300319602', 25, b'0', 'DHKTPM16R', 'HK1 (2025-2026)', '2025-05-25', '2025-01-05'),
	(97, '420300319702', 26, b'0', 'DHKTPM16S', 'HK1 (2025-2026)', '2025-05-25', '2025-01-05'),
	(98, '420300320502', 27, b'0', 'DHKTPM16T', 'HK1 (2025-2026)', '2025-05-25', '2025-01-05'),
	(99, '420300320602', 28, b'0', 'DHKTPM16U', 'HK1 (2025-2026)', '2025-05-25', '2025-01-05'),
	(100, '420300200903', 1, b'0', 'DHKTPM16V', 'HK1 (2024-2025)', '2024-05-30', '2024-01-18'),
	(101, '420300319203', 2, b'0', 'DHKTPM16W', 'HK1 (2024-2025)', '2024-05-30', '2024-01-18'),
	(102, '420300324203', 3, b'0', 'DHKTPM16X', 'HK1 (2024-2025)', '2024-05-30', '2024-01-18'),
	(103, '420300325903', 4, b'0', 'DHKTPM16Y', 'HK1 (2024-2025)', '2024-05-30', '2024-01-18'),
	(104, '420300330703', 5, b'0', 'DHKTPM16@', 'HK1 (2024-2025)', '2024-05-30', '2024-01-18'),
	(105, '420300384803', 6, b'0', 'DHKTPM16A', 'HK1 (2024-2025)', '2024-05-30', '2024-01-18'),
	(106, '420301416403', 7, b'0', 'DHKTPM16B', 'HK1 (2024-2025)', '2024-05-30', '2024-01-18'),
	(107, '420300094103', 8, b'0', 'DHKTPM16C', 'HK2 (2024-2025)', '2024-11-05', '2024-07-01'),
	(108, '420300213703', 9, b'0', 'DHKTPM16D', 'HK2 (2024-2025)', '2024-11-05', '2024-07-01'),
	(109, '420300306703', 10, b'0', 'DHKTPM16E', 'HK2 (2024-2025)', '2024-11-05', '2024-07-01'),
	(110, '420300330603', 11, b'0', 'DHKTPM16F', 'HK2 (2024-2025)', '2024-11-05', '2024-07-01'),
	(111, '420300335403', 12, b'0', 'DHKTPM16G', 'HK2 (2024-2025)', '2024-11-05', '2024-07-01'),
	(112, '420301416503', 13, b'0', 'DHKTPM16H', 'HK2 (2024-2025)', '2024-11-05', '2024-07-01'),
	(113, '420300319303', 14, b'0', 'DHKTPM16I', 'HK2 (2024-2025)', '2024-11-05', '2024-07-01'),
	(114, '420300324003', 15, b'0', 'DHKTPM16J', 'HK2 (2024-2025)', '2024-11-05', '2024-07-01'),
	(115, '420300332003', 16, b'0', 'DHKTPM16K', 'HK2 (2024-2025)', '2024-11-05', '2024-07-01'),
	(116, '420300334503', 17, b'0', 'DHKTPM16L', 'HK2 (2024-2025)', '2024-11-05', '2024-07-01'),
	(117, '420300339503', 18, b'0', 'DHKTPM16M', 'HK2 (2024-2025)', '2024-11-05', '2024-07-01'),
	(118, '420300090103', 19, b'0', 'DHKTPM16N', 'HK1 (2025-2026)', '2025-05-25', '2025-01-05'),
	(119, '420300094203', 20, b'0', 'DHKTPM16O', 'HK1 (2025-2026)', '2025-05-25', '2025-01-05'),
	(120, '420300114603', 21, b'0', 'DHKTPM16P', 'HK1 (2025-2026)', '2025-05-25', '2025-01-05'),
	(121, '420300242103', 22, b'0', 'DHKTPM16Q', 'HK1 (2025-2026)', '2025-05-25', '2025-01-05'),
	(122, '420300328803', 23, b'0', 'DHKTPM16R', 'HK1 (2025-2026)', '2025-05-25', '2025-01-05'),
	(123, '420300359103', 24, b'0', 'DHKTPM16S', 'HK1 (2025-2026)', '2025-05-25', '2025-01-05'),
	(124, '420300319603', 25, b'0', 'DHKTPM16T', 'HK1 (2025-2026)', '2025-05-25', '2025-01-05'),
	(125, '420300319703', 26, b'0', 'DHKTPM16U', 'HK1 (2025-2026)', '2025-05-25', '2025-01-05'),
	(126, '420300320503', 27, b'0', 'DHKTPM16V', 'HK1 (2025-2026)', '2025-05-25', '2025-01-05'),
	(127, '420300320603', 28, b'0', 'DHKTPM16W', 'HK1 (2025-2026)', '2025-05-25', '2025-01-05');

-- Dumping structure for table register_for_course.curriculums
CREATE TABLE IF NOT EXISTS `curriculums` (
  `id` bigint(20) NOT NULL AUTO_INCREMENT,
  `credits` int(11) NOT NULL,
  `semester` int(11) NOT NULL,
  `major_id` bigint(20) DEFAULT NULL,
  PRIMARY KEY (`id`),
  KEY `FKg3yvx6bpjle9jyain4t2krduu` (`major_id`),
  CONSTRAINT `FKg3yvx6bpjle9jyain4t2krduu` FOREIGN KEY (`major_id`) REFERENCES `majors` (`id`)
) ENGINE=InnoDB AUTO_INCREMENT=4 DEFAULT CHARSET=utf8mb4 COLLATE=utf8mb4_general_ci;

-- Dumping data for table register_for_course.curriculums: ~3 rows (approximately)
INSERT INTO `curriculums` (`id`, `credits`, `semester`, `major_id`) VALUES
	(1, 11, 1, 1),
	(2, 12, 2, 1),
	(3, 19, 3, 1);

-- Dumping structure for table register_for_course.curriculum_courses
CREATE TABLE IF NOT EXISTS `curriculum_courses` (
  `course_id` bigint(20) NOT NULL,
  `curriculum_id` bigint(20) NOT NULL,
  `number_of_practice_classes` int(11) DEFAULT NULL,
  `number_of_theory_classes` int(11) DEFAULT NULL,
  `practice_credits` int(11) DEFAULT NULL,
  `required_number_of_credits` int(11) DEFAULT NULL,
  `self_selected_group` int(11) DEFAULT NULL,
  `theory_credits` int(11) DEFAULT NULL,
  PRIMARY KEY (`course_id`,`curriculum_id`),
  KEY `FKtr4keaaj4didyjlbsxqi3h281` (`curriculum_id`),
  CONSTRAINT `FKoipg1ass4405yp1afsi0je5gf` FOREIGN KEY (`course_id`) REFERENCES `courses` (`id`),
  CONSTRAINT `FKtr4keaaj4didyjlbsxqi3h281` FOREIGN KEY (`curriculum_id`) REFERENCES `curriculums` (`id`)
) ENGINE=InnoDB DEFAULT CHARSET=utf8mb4 COLLATE=utf8mb4_general_ci;

-- Dumping data for table register_for_course.curriculum_courses: ~28 rows (approximately)
INSERT INTO `curriculum_courses` (`course_id`, `curriculum_id`, `number_of_practice_classes`, `number_of_theory_classes`, `practice_credits`, `required_number_of_credits`, `self_selected_group`, `theory_credits`) VALUES
	(1, 1, 0, 30, 0, NULL, NULL, 2),
	(2, 1, 0, 30, 0, NULL, NULL, 2),
	(3, 1, 0, 60, 0, NULL, NULL, 4),
	(4, 1, 0, 30, 0, NULL, NULL, 2),
	(5, 1, 60, 0, 2, NULL, NULL, 0),
	(6, 1, 60, 0, 2, NULL, NULL, 0),
	(7, 1, 0, 45, 0, NULL, NULL, 3),
	(8, 2, 30, 30, 1, NULL, NULL, 2),
	(9, 2, 45, 30, 2, NULL, NULL, 2),
	(10, 2, 0, 45, 0, NULL, NULL, 3),
	(11, 2, 60, 0, 2, NULL, NULL, 0),
	(12, 2, 60, 30, 2, NULL, NULL, 2),
	(13, 2, 0, 30, 0, NULL, NULL, 2),
	(14, 2, 0, 45, 0, 3, 1, 3),
	(15, 2, 0, 45, 0, 3, 1, 3),
	(16, 2, 0, 45, 0, 3, 1, 3),
	(17, 2, 0, 45, 0, 3, 1, 3),
	(18, 2, 0, 45, 0, 3, 1, 3),
	(19, 3, 0, 45, 0, NULL, NULL, 3),
	(20, 3, 30, 45, 2, NULL, NULL, 2),
	(21, 3, 30, 45, 2, NULL, NULL, 2),
	(22, 3, 0, 45, 0, NULL, NULL, 3),
	(23, 3, 0, 30, 0, NULL, NULL, 2),
	(24, 3, 30, 30, 1, NULL, NULL, 2),
	(25, 3, 0, 45, 0, 3, 1, 3),
	(26, 3, 0, 45, 0, 3, 1, 3),
	(27, 3, 0, 45, 0, 3, 1, 3),
	(28, 3, 0, 45, 0, 3, 1, 3);

-- Dumping structure for table register_for_course.departments
CREATE TABLE IF NOT EXISTS `departments` (
  `id` bigint(20) NOT NULL AUTO_INCREMENT,
  `department_code` varchar(255) DEFAULT NULL,
  `name` varchar(255) DEFAULT NULL,
  PRIMARY KEY (`id`)
) ENGINE=InnoDB AUTO_INCREMENT=2 DEFAULT CHARSET=utf8mb4 COLLATE=utf8mb4_general_ci;

-- Dumping data for table register_for_course.departments: ~0 rows (approximately)
INSERT INTO `departments` (`id`, `department_code`, `name`) VALUES
	(1, '1234567890', 'Công nghệ thông tin');

-- Dumping structure for table register_for_course.grades
CREATE TABLE IF NOT EXISTS `grades` (
  `course_section_id` bigint(20) NOT NULL,
  `student_id` bigint(20) NOT NULL,
  `final_grades` double DEFAULT NULL,
  `midterm_grades` double DEFAULT NULL,
  `practice_grades_1` double DEFAULT NULL,
  `practice_grades_2` double DEFAULT NULL,
  `practice_grades_3` double DEFAULT NULL,
  `result` varchar(255) DEFAULT NULL,
  `semester` varchar(255) DEFAULT NULL,
  `theory_grades_1` double DEFAULT NULL,
  `theory_grades_2` double DEFAULT NULL,
  `theory_grades_3` double DEFAULT NULL,
  `course_id` bigint(20) DEFAULT NULL,
  `lecture_practice_id` bigint(20) DEFAULT NULL,
  `lecture_theory_id` bigint(20) DEFAULT NULL,
  PRIMARY KEY (`course_section_id`,`student_id`),
  KEY `FK2udi8qqpoqmopyp47iy76jeq6` (`student_id`),
  KEY `FKox7bxu57m6gpmeeyj38rfrdw9` (`course_id`),
  KEY `FKpfq6p6651h2ipbn8hlro25umx` (`lecture_practice_id`),
  KEY `FKdta5nlhqtk854hsllox9o0qo8` (`lecture_theory_id`),
  CONSTRAINT `FK2udi8qqpoqmopyp47iy76jeq6` FOREIGN KEY (`student_id`) REFERENCES `users` (`id`),
  CONSTRAINT `FKa4lumpo282g0tm1yttfagdxko` FOREIGN KEY (`course_section_id`) REFERENCES `course_sections` (`id`),
  CONSTRAINT `FKdta5nlhqtk854hsllox9o0qo8` FOREIGN KEY (`lecture_theory_id`) REFERENCES `users` (`id`),
  CONSTRAINT `FKox7bxu57m6gpmeeyj38rfrdw9` FOREIGN KEY (`course_id`) REFERENCES `courses` (`id`),
  CONSTRAINT `FKpfq6p6651h2ipbn8hlro25umx` FOREIGN KEY (`lecture_practice_id`) REFERENCES `users` (`id`)
) ENGINE=InnoDB DEFAULT CHARSET=utf8mb4 COLLATE=utf8mb4_general_ci;

-- Dumping data for table register_for_course.grades: ~7 rows (approximately)
INSERT INTO `grades` (`course_section_id`, `student_id`, `final_grades`, `midterm_grades`, `practice_grades_1`, `practice_grades_2`, `practice_grades_3`, `result`, `semester`, `theory_grades_1`, `theory_grades_2`, `theory_grades_3`, `course_id`, `lecture_practice_id`, `lecture_theory_id`) VALUES
	(41, 1, 9, 8, 8, 9, 9, 'Đạt', 'HK1 (2024-2025)', 9, 9, 9, 1, 26, 36),
	(42, 1, 10, 10, 9, 10, 9, 'Đạt', 'HK1 (2024-2025)', 10, 9, 9, 2, 40, 30),
	(43, 1, 9, 10, 8, 8, 8, 'Đạt', 'HK1 (2024-2025)', 7, 9, 8, 3, 20, 7),
	(44, 1, 8, 8, 7, 9, 9, 'Đạt', 'HK1 (2024-2025)', 8, 8, 8, 4, 9, 39),
	(45, 1, 9, 9, 10, 7, 7, 'Đạt', 'HK1 (2024-2025)', 9, 9, 9, 5, 11, 20),
	(46, 1, 9, 8, 8, 9, 8, 'Đạt', 'HK1 (2024-2025)', 9, 9, 8, 6, 15, 9),
	(47, 1, 10, 8, 9, 9, 9, 'Đạt', 'HK1 (2024-2025)', 8, 8, 9, 7, 21, 6);

-- Dumping structure for table register_for_course.majors
CREATE TABLE IF NOT EXISTS `majors` (
  `id` bigint(20) NOT NULL AUTO_INCREMENT,
  `major_code` varchar(255) DEFAULT NULL,
  `name` varchar(255) DEFAULT NULL,
  `department_id` bigint(20) DEFAULT NULL,
  PRIMARY KEY (`id`),
  KEY `FKrywn9bjkn1xb5oxfen31few10` (`department_id`),
  CONSTRAINT `FKrywn9bjkn1xb5oxfen31few10` FOREIGN KEY (`department_id`) REFERENCES `departments` (`id`)
) ENGINE=InnoDB AUTO_INCREMENT=2 DEFAULT CHARSET=utf8mb4 COLLATE=utf8mb4_general_ci;

-- Dumping data for table register_for_course.majors: ~0 rows (approximately)
INSERT INTO `majors` (`id`, `major_code`, `name`, `department_id`) VALUES
	(1, '7480103', 'Kỹ thuật phần mềm', 1);

-- Dumping structure for table register_for_course.schedules
CREATE TABLE IF NOT EXISTS `schedules` (
  `id` bigint(20) NOT NULL AUTO_INCREMENT,
  `buildings` varchar(255) DEFAULT NULL,
  `day_of_week` tinyint(4) DEFAULT NULL CHECK (`day_of_week` between 0 and 6),
  `shift` varchar(255) DEFAULT NULL,
  `type` varchar(255) DEFAULT NULL,
  `course_section_id` bigint(20) DEFAULT NULL,
  `lecture_id` bigint(20) DEFAULT NULL,
  `student_enrollment_number` bigint(20) DEFAULT NULL,
  PRIMARY KEY (`id`),
  KEY `FKcmjf0dl1k42ee51jt0ssnhvy9` (`course_section_id`),
  KEY `FKdpqm22eqbet4tnxw4duvuehbi` (`lecture_id`),
  CONSTRAINT `FKcmjf0dl1k42ee51jt0ssnhvy9` FOREIGN KEY (`course_section_id`) REFERENCES `course_sections` (`id`),
  CONSTRAINT `FKdpqm22eqbet4tnxw4duvuehbi` FOREIGN KEY (`lecture_id`) REFERENCES `users` (`id`)
) ENGINE=InnoDB AUTO_INCREMENT=433 DEFAULT CHARSET=utf8mb4 COLLATE=utf8mb4_general_ci;

-- Dumping data for table register_for_course.schedules: ~252 rows (approximately)
INSERT INTO `schedules` (`id`, `buildings`, `day_of_week`, `shift`, `type`, `course_section_id`, `lecture_id`, `student_enrollment_number`) VALUES
	(1, 'A1.1', 0, '1-3', 'LT', 41, 36, 3),
	(2, 'B2.2', 2, '7-9', 'TH', 41, 26, 3),
	(3, 'C3.3', 3, '4-6', 'TH', 41, 22, 0),
	(4, 'D4.4', 1, '10-12', 'LT', 42, 30, 5),
	(5, 'E5.5', 4, '1-3', 'TH', 42, 4, 1),
	(6, 'F6.6', 5, '4-6', 'TH', 42, 40, 4),
	(7, 'G7.7', 4, '4-6', 'LT', 43, 7, 1),
	(8, 'H8.8', 5, '10-12', 'TH', 43, 20, 1),
	(9, 'I9.9', 4, '1-3', 'TH', 43, 36, 0),
	(10, 'J10.1', 3, '4-6', 'LT', 44, 39, 1),
	(11, 'K11.2', 6, '7-9', 'TH', 44, 9, 1),
	(12, 'L12.3', 0, '10-12', 'TH', 44, 41, 0),
	(13, 'M13.4', 4, '1-3', 'LT', 45, 20, 1),
	(14, 'N14.5', 5, '4-6', 'TH', 45, 15, 0),
	(15, 'O15.6', 1, '7-9', 'TH', 45, 11, 1),
	(16, 'P16.7', 0, '10-12', 'LT', 46, 9, 1),
	(17, 'Q17.8', 6, '1-3', 'TH', 46, 9, 0),
	(18, 'R18.9', 2, '4-6', 'TH', 46, 15, 1),
	(19, 'S19.10', 6, '10-12', 'LT', 47, 6, 1),
	(20, 'T20.11', 0, '7-9', 'TH', 47, 21, 1),
	(21, 'U21.12', 3, '1-3', 'TH', 47, 9, 0),
	(22, 'V22.13', 0, '4-6', 'LT', 48, 18, 0),
	(23, 'W23.14', 1, '7-9', 'TH', 48, 21, 0),
	(24, 'X24.1', 4, '10-12', 'TH', 48, 8, 0),
	(25, 'Y25.2', 1, '1-3', 'LT', 49, 17, 0),
	(26, 'Z26.3', 2, '4-6', 'TH', 49, 16, 0),
	(27, 'A27.4', 5, '7-9', 'TH', 49, 29, 0),
	(28, 'B28.5', 2, '10-12', 'LT', 50, 16, 0),
	(29, 'C29.6', 3, '1-3', 'TH', 50, 28, 0),
	(30, 'D30.7', 6, '4-6', 'TH', 50, 13, 0),
	(31, 'E31.8', 3, '7-9', 'LT', 51, 16, 0),
	(32, 'F32.9', 4, '10-12', 'TH', 51, 38, 0),
	(33, 'G33.10', 0, '1-3', 'TH', 51, 21, 0),
	(34, 'H34.1', 4, '4-6', 'LT', 52, 31, 0),
	(35, 'I35.2', 5, '7-9', 'TH', 52, 8, 0),
	(36, 'J36.3', 1, '10-12', 'TH', 52, 25, 0),
	(37, 'K37.4', 5, '1-3', 'LT', 53, 19, 0),
	(38, 'L38.5', 6, '4-6', 'TH', 53, 17, 0),
	(39, 'M39.6', 2, '7-9', 'TH', 53, 28, 0),
	(40, 'N40.7', 6, '10-12', 'LT', 54, 8, 0),
	(41, 'O41.8', 0, '1-3', 'TH', 54, 31, 0),
	(42, 'P42.9', 3, '4-6', 'TH', 54, 10, 0),
	(43, 'Q43.10', 0, '7-9', 'LT', 55, 34, 0),
	(44, 'R44.1', 1, '10-12', 'TH', 55, 21, 0),
	(45, 'S45.2', 4, '1-3', 'TH', 55, 40, 0),
	(46, 'T46.3', 1, '4-6', 'LT', 56, 16, 0),
	(47, 'U47.4', 2, '7-9', 'TH', 56, 36, 0),
	(48, 'V48.5', 5, '10-12', 'TH', 56, 11, 0),
	(49, 'W49.6', 2, '1-3', 'LT', 57, 24, 0),
	(50, 'X50.7', 3, '4-6', 'TH', 57, 6, 0),
	(51, 'Y51.8', 6, '7-9', 'TH', 57, 35, 0),
	(52, 'Z52.9', 3, '10-12', 'LT', 58, 36, 0),
	(53, 'A53.10', 4, '1-3', 'TH', 58, 33, 0),
	(54, 'B54.1', 0, '4-6', 'TH', 58, 18, 0),
	(55, 'C55.2', 4, '7-9', 'LT', 59, 24, 0),
	(56, 'D56.3', 5, '10-12', 'TH', 59, 27, 0),
	(57, 'E57.4', 1, '1-3', 'TH', 59, 20, 0),
	(58, 'F58.5', 5, '4-6', 'LT', 60, 16, 0),
	(59, 'G59.6', 6, '7-9', 'TH', 60, 18, 0),
	(60, 'H60.7', 2, '10-12', 'TH', 60, 38, 0),
	(181, 'A81.1', 0, '1-3', 'LT', 81, 18, 0),
	(182, 'B82.2', 2, '7-9', 'TH', 81, 10, 0),
	(183, 'C83.3', 3, '4-6', 'TH', 81, 36, 0),
	(184, 'D84.4', 1, '10-12', 'LT', 82, 29, 0),
	(185, 'E85.5', 4, '1-3', 'TH', 82, 35, 0),
	(186, 'F86.6', 5, '4-6', 'TH', 82, 7, 0),
	(187, 'G87.7', 2, '7-9', 'LT', 83, 5, 0),
	(188, 'H88.8', 3, '10-12', 'TH', 83, 41, 0),
	(189, 'I89.9', 4, '1-3', 'TH', 83, 30, 0),
	(190, 'J90.1', 3, '4-6', 'LT', 84, 24, 0),
	(191, 'K91.2', 6, '7-9', 'TH', 84, 28, 0),
	(192, 'L92.3', 0, '10-12', 'TH', 84, 29, 0),
	(193, 'M93.4', 4, '1-3', 'LT', 85, 18, 0),
	(194, 'N94.5', 5, '4-6', 'TH', 85, 39, 0),
	(195, 'O95.6', 1, '7-9', 'TH', 85, 21, 0),
	(196, 'P96.7', 5, '10-12', 'LT', 86, 23, 0),
	(197, 'Q97.8', 6, '1-3', 'TH', 86, 13, 0),
	(198, 'R98.9', 2, '4-6', 'TH', 86, 33, 0),
	(199, 'S99.10', 6, '7-9', 'LT', 87, 5, 0),
	(200, 'T100.11', 0, '10-12', 'TH', 87, 41, 0),
	(201, 'U101.12', 3, '1-3', 'TH', 87, 31, 0),
	(202, 'V102.13', 0, '4-6', 'LT', 88, 31, 0),
	(203, 'W103.14', 1, '7-9', 'TH', 88, 20, 0),
	(204, 'X104.1', 4, '10-12', 'TH', 88, 5, 0),
	(205, 'Y105.2', 1, '1-3', 'LT', 89, 39, 0),
	(206, 'Z106.3', 2, '4-6', 'TH', 89, 21, 0),
	(207, 'A107.4', 5, '7-9', 'TH', 89, 27, 0),
	(208, 'B108.5', 2, '10-12', 'LT', 90, 30, 0),
	(209, 'C109.6', 3, '1-3', 'TH', 90, 27, 0),
	(210, 'D110.7', 6, '4-6', 'TH', 90, 4, 0),
	(211, 'E111.8', 3, '7-9', 'LT', 91, 16, 0),
	(212, 'F112.9', 4, '10-12', 'TH', 91, 25, 0),
	(213, 'G113.10', 0, '1-3', 'TH', 91, 37, 0),
	(214, 'H114.1', 4, '4-6', 'LT', 92, 29, 0),
	(215, 'I115.2', 5, '7-9', 'TH', 92, 32, 0),
	(216, 'J116.3', 1, '10-12', 'TH', 92, 33, 0),
	(217, 'K117.4', 5, '1-3', 'LT', 93, 25, 0),
	(218, 'L118.5', 6, '4-6', 'TH', 93, 25, 0),
	(219, 'M119.6', 2, '7-9', 'TH', 93, 9, 0),
	(220, 'N120.7', 6, '10-12', 'LT', 94, 4, 0),
	(221, 'O121.8', 0, '1-3', 'TH', 94, 32, 0),
	(222, 'P122.9', 3, '4-6', 'TH', 94, 26, 0),
	(223, 'Q123.10', 0, '7-9', 'LT', 95, 34, 0),
	(224, 'R124.1', 1, '10-12', 'TH', 95, 10, 0),
	(225, 'S125.2', 4, '1-3', 'TH', 95, 24, 0),
	(226, 'T126.3', 1, '4-6', 'LT', 96, 10, 0),
	(227, 'U127.4', 2, '7-9', 'TH', 96, 14, 0),
	(228, 'V128.5', 5, '10-12', 'TH', 96, 38, 0),
	(229, 'W129.6', 2, '1-3', 'LT', 97, 26, 0),
	(230, 'X130.7', 3, '4-6', 'TH', 97, 17, 0),
	(231, 'Y131.8', 6, '7-9', 'TH', 97, 3, 0),
	(232, 'Z132.9', 3, '10-12', 'LT', 98, 39, 0),
	(233, 'A133.10', 4, '1-3', 'TH', 98, 29, 0),
	(234, 'B134.1', 0, '4-6', 'TH', 98, 23, 0),
	(235, 'C135.2', 4, '7-9', 'LT', 99, 28, 0),
	(236, 'D136.3', 5, '10-12', 'TH', 99, 30, 0),
	(237, 'E137.4', 1, '1-3', 'TH', 99, 24, 0),
	(238, 'F138.5', 5, '4-6', 'LT', 100, 29, 0),
	(239, 'G139.6', 6, '7-9', 'TH', 100, 29, 0),
	(240, 'H140.7', 2, '10-12', 'TH', 100, 19, 0),
	(301, 'A101.1', 0, '1-3', 'LT', 101, 5, 0),
	(302, 'B102.2', 2, '7-9', 'TH', 101, 3, 0),
	(303, 'C103.3', 3, '4-6', 'TH', 101, 38, 0),
	(304, 'D104.4', 1, '10-12', 'LT', 102, 23, 0),
	(305, 'E105.5', 4, '1-3', 'TH', 102, 35, 0),
	(306, 'F106.6', 5, '4-6', 'TH', 102, 28, 0),
	(307, 'G107.7', 2, '7-9', 'LT', 103, 31, 0),
	(308, 'H108.8', 3, '10-12', 'TH', 103, 28, 0),
	(309, 'I109.9', 4, '1-3', 'TH', 103, 6, 0),
	(310, 'J110.1', 3, '4-6', 'LT', 104, 22, 0),
	(311, 'K111.2', 6, '7-9', 'TH', 104, 11, 0),
	(312, 'L112.3', 0, '10-12', 'TH', 104, 26, 0),
	(313, 'M113.4', 4, '1-3', 'LT', 105, 16, 0),
	(314, 'N114.5', 5, '4-6', 'TH', 105, 39, 0),
	(315, 'O115.6', 1, '7-9', 'TH', 105, 28, 0),
	(316, 'P116.7', 5, '10-12', 'LT', 106, 21, 0),
	(317, 'Q117.8', 6, '1-3', 'TH', 106, 18, 0),
	(318, 'R118.9', 2, '4-6', 'TH', 106, 26, 0),
	(319, 'S119.10', 6, '7-9', 'LT', 107, 34, 0),
	(320, 'T120.11', 0, '10-12', 'TH', 107, 10, 0),
	(321, 'U121.12', 3, '1-3', 'TH', 107, 24, 0),
	(322, 'V122.13', 0, '4-6', 'LT', 108, 8, 0),
	(323, 'W123.14', 1, '7-9', 'TH', 108, 8, 0),
	(324, 'X124.1', 4, '10-12', 'TH', 108, 11, 0),
	(325, 'Y125.2', 1, '1-3', 'LT', 109, 28, 0),
	(326, 'Z126.3', 2, '4-6', 'TH', 109, 28, 0),
	(327, 'A127.4', 5, '7-9', 'TH', 109, 15, 0),
	(328, 'B128.5', 2, '10-12', 'LT', 110, 25, 0),
	(329, 'C129.6', 3, '1-3', 'TH', 110, 41, 0),
	(330, 'D130.7', 6, '4-6', 'TH', 110, 11, 0),
	(331, 'E131.8', 3, '7-9', 'LT', 111, 7, 0),
	(332, 'F132.9', 4, '10-12', 'TH', 111, 36, 0),
	(333, 'G133.10', 0, '1-3', 'TH', 111, 3, 0),
	(334, 'H134.1', 4, '4-6', 'LT', 112, 22, 0),
	(335, 'I135.2', 5, '7-9', 'TH', 112, 18, 0),
	(336, 'J136.3', 1, '10-12', 'TH', 112, 24, 0),
	(337, 'K137.4', 5, '1-3', 'LT', 113, 26, 0),
	(338, 'L138.5', 6, '4-6', 'TH', 113, 13, 0),
	(339, 'M139.6', 2, '7-9', 'TH', 113, 26, 0),
	(340, 'N140.7', 6, '10-12', 'LT', 114, 11, 0),
	(341, 'O141.8', 0, '1-3', 'TH', 114, 15, 0),
	(342, 'P142.9', 3, '4-6', 'TH', 114, 36, 0),
	(343, 'Q143.10', 0, '7-9', 'LT', 115, 17, 0),
	(344, 'R144.1', 1, '10-12', 'TH', 115, 11, 0),
	(345, 'S145.2', 4, '1-3', 'TH', 115, 5, 0),
	(346, 'T146.3', 1, '4-6', 'LT', 116, 26, 0),
	(347, 'U147.4', 2, '7-9', 'TH', 116, 35, 0),
	(348, 'V148.5', 5, '10-12', 'TH', 116, 18, 0),
	(349, 'W149.6', 2, '1-3', 'LT', 117, 22, 0),
	(350, 'X150.7', 3, '4-6', 'TH', 117, 13, 0),
	(351, 'Y151.8', 6, '7-9', 'TH', 117, 37, 0),
	(352, 'Z152.9', 3, '10-12', 'LT', 118, 26, 0),
	(353, 'A153.10', 4, '1-3', 'TH', 118, 15, 0),
	(354, 'B154.1', 0, '4-6', 'TH', 118, 35, 0),
	(355, 'C155.2', 4, '7-9', 'LT', 119, 8, 0),
	(356, 'D156.3', 5, '10-12', 'TH', 119, 13, 0),
	(357, 'E157.4', 1, '1-3', 'TH', 119, 39, 0),
	(358, 'F158.5', 5, '4-6', 'LT', 120, 36, 0),
	(359, 'G159.6', 6, '7-9', 'TH', 120, 20, 0),
	(360, 'H160.7', 2, '10-12', 'TH', 120, 30, 0),
	(361, 'I161.8', 6, '1-3', 'LT', 121, 8, 0),
	(362, 'J162.9', 0, '4-6', 'TH', 121, 25, 0),
	(363, 'K163.10', 3, '7-9', 'TH', 121, 22, 0),
	(364, 'L164.1', 0, '10-12', 'LT', 122, 30, 0),
	(365, 'M165.2', 1, '1-3', 'TH', 122, 7, 0),
	(366, 'N166.3', 4, '4-6', 'TH', 122, 18, 0),
	(367, 'O167.4', 1, '7-9', 'LT', 123, 30, 0),
	(368, 'P168.5', 2, '10-12', 'TH', 123, 16, 0),
	(369, 'Q169.6', 5, '1-3', 'TH', 123, 24, 0),
	(370, 'R170.7', 2, '4-6', 'LT', 124, 29, 0),
	(371, 'S171.8', 3, '7-9', 'TH', 124, 35, 0),
	(372, 'T172.9', 6, '10-12', 'TH', 124, 8, 0),
	(373, 'L164.1', 0, '10-12', 'LT', 125, 8, 0),
	(374, 'M165.2', 1, '1-3', 'TH', 125, 13, 0),
	(375, 'N166.3', 4, '4-6', 'TH', 125, 37, 0),
	(376, 'O167.4', 1, '7-9', 'LT', 126, 30, 0),
	(377, 'P168.5', 2, '10-12', 'TH', 126, 34, 0),
	(378, 'Q169.6', 5, '1-3', 'TH', 126, 40, 0),
	(379, 'R170.7', 2, '4-6', 'LT', 127, 18, 0),
	(380, 'S171.8', 3, '7-9', 'TH', 127, 5, 0),
	(381, 'T172.9', 6, '10-12', 'TH', 127, 7, 0),
	(382, 'A61.1', 0, '1-3', 'LT', 61, 17, 0),
	(383, 'B62.2', 2, '7-9', 'TH', 61, 22, 0),
	(384, 'C63.3', 3, '4-6', 'TH', 61, 20, 0),
	(385, 'D64.4', 1, '10-12', 'LT', 62, 31, 0),
	(386, 'E65.5', 4, '1-3', 'TH', 62, 12, 0),
	(387, 'F66.6', 5, '4-6', 'TH', 62, 5, 0),
	(388, 'G67.7', 2, '7-9', 'LT', 63, 26, 0),
	(389, 'H68.8', 3, '10-12', 'TH', 63, 33, 0),
	(390, 'I69.9', 4, '1-3', 'TH', 63, 8, 0),
	(391, 'J70.1', 3, '4-6', 'LT', 64, 16, 0),
	(392, 'K71.2', 6, '7-9', 'TH', 64, 16, 0),
	(393, 'L72.3', 0, '10-12', 'TH', 64, 29, 0),
	(394, 'M73.4', 4, '1-3', 'LT', 65, 15, 0),
	(395, 'N74.5', 5, '4-6', 'TH', 65, 25, 0),
	(396, 'O75.6', 1, '7-9', 'TH', 65, 37, 0),
	(397, 'P76.7', 5, '10-12', 'LT', 66, 32, 0),
	(398, 'Q77.8', 6, '1-3', 'TH', 66, 8, 0),
	(399, 'R78.9', 2, '4-6', 'TH', 66, 20, 0),
	(400, 'S79.10', 6, '7-9', 'LT', 67, 35, 0),
	(401, 'T80.11', 0, '10-12', 'TH', 67, 31, 0),
	(402, 'U81.12', 3, '1-3', 'TH', 67, 11, 0),
	(403, 'V82.13', 0, '4-6', 'LT', 68, 39, 0),
	(404, 'W83.14', 1, '7-9', 'TH', 68, 41, 0),
	(405, 'X84.1', 4, '10-12', 'TH', 68, 7, 0),
	(406, 'H94.1', 4, '4-6', 'LT', 72, 26, 0),
	(407, 'I95.2', 5, '7-9', 'TH', 72, 28, 0),
	(408, 'J96.3', 1, '10-12', 'TH', 72, 22, 0),
	(409, 'K97.4', 5, '1-3', 'LT', 73, 25, 0),
	(410, 'L98.5', 6, '4-6', 'TH', 73, 15, 0),
	(411, 'M99.6', 2, '7-9', 'TH', 73, 38, 0),
	(412, 'N100.7', 6, '10-12', 'LT', 74, 25, 0),
	(413, 'O101.8', 0, '1-3', 'TH', 74, 15, 0),
	(414, 'P102.9', 3, '4-6', 'TH', 74, 10, 0),
	(415, 'Q103.10', 0, '7-9', 'LT', 75, 17, 0),
	(416, 'R104.1', 1, '10-12', 'TH', 75, 12, 0),
	(417, 'S105.2', 4, '1-3', 'TH', 75, 9, 0),
	(418, 'T106.3', 1, '4-6', 'LT', 76, 5, 0),
	(419, 'U107.4', 2, '7-9', 'TH', 76, 36, 0),
	(420, 'V108.5', 5, '10-12', 'TH', 76, 7, 0),
	(421, 'W109.6', 2, '1-3', 'LT', 77, 41, 0),
	(422, 'X110.7', 3, '4-6', 'TH', 77, 27, 0),
	(423, 'Y111.8', 6, '7-9', 'TH', 77, 8, 0),
	(424, 'Z112.9', 3, '10-12', 'LT', 78, 35, 0),
	(425, 'A113.10', 4, '1-3', 'TH', 78, 31, 0),
	(426, 'B114.1', 0, '4-6', 'TH', 78, 9, 0),
	(427, 'C115.2', 4, '7-9', 'LT', 79, 29, 0),
	(428, 'D116.3', 5, '10-12', 'TH', 79, 37, 0),
	(429, 'E117.4', 1, '1-3', 'TH', 79, 17, 0),
	(430, 'F118.5', 5, '4-6', 'LT', 80, 13, 0),
	(431, 'G119.6', 6, '7-9', 'TH', 80, 8, 0),
	(432, 'H120.7', 2, '10-12', 'TH', 80, 39, 0);

-- Dumping structure for table register_for_course.users
CREATE TABLE IF NOT EXISTS `users` (
  `id` bigint(20) NOT NULL AUTO_INCREMENT,
  `address` varchar(255) DEFAULT NULL,
  `class` varchar(255) DEFAULT NULL,
  `course_year` varchar(255) DEFAULT NULL,
  `dob` date DEFAULT NULL,
  `email` varchar(255) DEFAULT NULL,
  `enroll_time` date DEFAULT NULL,
  `full_name` varchar(255) DEFAULT NULL,
  `gender` bit(1) NOT NULL,
  `phone` varchar(255) DEFAULT NULL,
  `status` tinyint(4) DEFAULT NULL CHECK (`status` between 0 and 1),
  `type` tinyint(4) DEFAULT NULL CHECK (`type` between 0 and 1),
  `major_id` bigint(20) DEFAULT NULL,
  PRIMARY KEY (`id`),
  KEY `FKkw5ffx2ufp42oxqx7py9wa7nq` (`major_id`),
  CONSTRAINT `FKkw5ffx2ufp42oxqx7py9wa7nq` FOREIGN KEY (`major_id`) REFERENCES `majors` (`id`)
) ENGINE=InnoDB AUTO_INCREMENT=42 DEFAULT CHARSET=utf8mb4 COLLATE=utf8mb4_general_ci;

-- Dumping data for table register_for_course.users: ~41 rows (approximately)
INSERT INTO `users` (`id`, `address`, `class`, `course_year`, `dob`, `email`, `enroll_time`, `full_name`, `gender`, `phone`, `status`, `type`, `major_id`) VALUES
	(1, 'Phú Yên', 'DHKTPM16A', '2020-2021', '2002-04-08', 'thanhtoan@gmail.com', '2020-09-12', 'Lê Thanh Toàn', b'1', '0329623380', 0, 0, 1),
	(2, 'Long An', 'DHKTPM16A', '2020-2021', '2002-03-09', 'kimngan@gmail.com', '2020-09-12', 'Lê Thị Kim Ngân', b'0', '0375950082', 0, 0, 1),
	(3, 'Địa chỉ 1', 'DHKTPM10A', '2013-2014', '1990-01-01', 'email1@gmail.com', '2013-09-12', 'Nguyen Van A', b'1', '0123456789', 1, 1, 1),
	(4, 'Địa chỉ 2', 'DHKTPM10B', '2012-2013', '1989-02-02', 'email2@gmail.com', '2012-09-12', 'Nguyen Van B', b'0', '0123456780', 1, 1, 1),
	(5, 'Địa chỉ 3', 'DHKTPM10C', '2011-2012', '1988-03-03', 'email3@gmail.com', '2011-09-12', 'Nguyen Van C', b'1', '0123456781', 1, 1, 1),
	(6, 'Địa chỉ 4', 'DHKTPM10D', '2010-2011', '1987-04-04', 'email4@gmail.com', '2010-09-12', 'Nguyen Van D', b'0', '0123456782', 1, 1, 1),
	(7, 'Địa chỉ 5', 'DHKTPM10E', '2009-2010', '1986-05-05', 'email5@gmail.com', '2009-09-12', 'Nguyen Van E', b'1', '0123456783', 1, 1, 1),
	(8, 'Địa chỉ 6', 'DHKTPM10F', '2008-2009', '1985-06-06', 'email6@gmail.com', '2008-09-12', 'Nguyen Van F', b'0', '0123456784', 1, 1, 1),
	(9, 'Địa chỉ 7', 'DHKTPM10G', '2007-2008', '1984-07-07', 'email7@gmail.com', '2007-09-12', 'Nguyen Van G', b'1', '0123456785', 1, 1, 1),
	(10, 'Địa chỉ 8', 'DHKTPM10H', '2006-2007', '1983-08-08', 'email8@gmail.com', '2006-09-12', 'Nguyen Van H', b'0', '0123456786', 1, 1, 1),
	(11, 'Địa chỉ 9', 'DHKTPM10I', '2005-2006', '1982-09-09', 'email9@gmail.com', '2005-09-12', 'Nguyen Van I', b'1', '0123456787', 1, 1, 1),
	(12, 'Địa chỉ 10', 'DHKTPM10J', '2004-2005', '1981-10-10', 'email10@gmail.com', '2004-09-12', 'Nguyen Van J', b'0', '0123456788', 1, 1, 1),
	(13, 'Địa chỉ 11', 'DHKTPM10K', '2003-2004', '1980-11-11', 'email11@gmail.com', '2003-09-12', 'Nguyen Van K', b'1', '0123456790', 1, 1, 1),
	(14, 'Địa chỉ 12', 'DHKTPM10L', '2002-2003', '1979-12-12', 'email12@gmail.com', '2002-09-12', 'Nguyen Van L', b'0', '0123456791', 1, 1, 1),
	(15, 'Địa chỉ 13', 'DHKTPM10M', '2001-2002', '1978-01-13', 'email13@gmail.com', '2001-09-12', 'Nguyen Van M', b'1', '0123456792', 1, 1, 1),
	(16, 'Địa chỉ 14', 'DHKTPM10N', '2000-2001', '1977-02-14', 'email14@gmail.com', '2000-09-12', 'Nguyen Van N', b'0', '0123456793', 1, 1, 1),
	(17, 'Địa chỉ 15', 'DHKTPM10O', '1999-2000', '1976-03-15', 'email15@gmail.com', '1999-09-12', 'Nguyen Van O', b'1', '0123456794', 1, 1, 1),
	(18, 'Địa chỉ 16', 'DHKTPM10P', '1998-1999', '1975-04-16', 'email16@gmail.com', '1998-09-12', 'Nguyen Van P', b'0', '0123456795', 1, 1, 1),
	(19, 'Địa chỉ 17', 'DHKTPM10Q', '1997-1998', '1974-05-17', 'email17@gmail.com', '1997-09-12', 'Nguyen Van Q', b'1', '0123456796', 1, 1, 1),
	(20, 'Địa chỉ 18', 'DHKTPM10R', '1996-1997', '1973-06-18', 'email18@gmail.com', '1996-09-12', 'Nguyen Van R', b'0', '0123456797', 1, 1, 1),
	(21, 'Địa chỉ 19', 'DHKTPM10S', '1995-1996', '1972-07-19', 'email19@gmail.com', '1995-09-12', 'Nguyen Van S', b'1', '0123456798', 1, 1, 1),
	(22, 'Địa chỉ 20', 'DHKTPM10T', '1994-1995', '1971-08-20', 'email20@gmail.com', '1994-09-12', 'Nguyen Van T', b'0', '0123456799', 1, 1, 1),
	(23, 'Địa chỉ 21', 'DHKTPM10U', '1993-1994', '1970-09-21', 'email21@gmail.com', '1993-09-12', 'Nguyen Van U', b'1', '0123456800', 1, 1, 1),
	(24, 'Địa chỉ 22', 'DHKTPM10V', '1992-1993', '1969-10-22', 'email22@gmail.com', '1992-09-12', 'Nguyen Van V', b'0', '0123456801', 1, 1, 1),
	(25, 'Địa chỉ 23', 'DHKTPM10W', '1991-1992', '1968-11-23', 'email23@gmail.com', '1991-09-12', 'Nguyen Van W', b'1', '0123456802', 1, 1, 1),
	(26, 'Địa chỉ 24', 'DHKTPM10X', '1990-1991', '1967-12-24', 'email24@gmail.com', '1990-09-12', 'Nguyen Van X', b'0', '0123456803', 1, 1, 1),
	(27, 'Địa chỉ 25', 'DHKTPM10Y', '1989-1990', '1966-01-25', 'email25@gmail.com', '1989-09-12', 'Nguyen Van Y', b'1', '0123456804', 1, 1, 1),
	(28, 'Địa chỉ 26', 'DHKTPM10Z', '1988-1989', '1965-02-26', 'email26@gmail.com', '1988-09-12', 'Nguyen Van Z', b'0', '0123456805', 1, 1, 1),
	(29, 'Địa chỉ 27', 'DHKTPM101', '1987-1988', '1964-03-27', 'email27@gmail.com', '1987-09-12', 'Nguyen Van AA', b'1', '0123456806', 1, 1, 1),
	(30, 'Địa chỉ 28', 'DHKTPM102', '1986-1987', '1963-04-28', 'email28@gmail.com', '1986-09-12', 'Nguyen Van BB', b'0', '0123456807', 1, 1, 1),
	(31, 'Địa chỉ 29', 'DHKTPM103', '1985-1986', '1962-05-29', 'email29@gmail.com', '1985-09-12', 'Nguyen Van CC', b'1', '0123456808', 1, 1, 1),
	(32, 'Địa chỉ 30', 'DHKTPM104', '1984-1985', '1961-06-30', 'email30@gmail.com', '1984-09-12', 'Nguyen Van DD', b'0', '0123456809', 1, 1, 1),
	(33, 'Địa chỉ 31', 'DHKTPM105', '1983-1984', '1960-07-31', 'email31@gmail.com', '1983-09-12', 'Nguyen Van EE', b'1', '0123456810', 1, 1, 1),
	(34, 'Địa chỉ 32', 'DHKTPM106', '1982-1983', '1959-08-01', 'email32@gmail.com', '1982-09-12', 'Nguyen Van FF', b'0', '0123456811', 1, 1, 1),
	(35, 'Địa chỉ 33', 'DHKTPM107', '1981-1982', '1958-09-02', 'email33@gmail.com', '1981-09-12', 'Nguyen Van GG', b'1', '0123456812', 1, 1, 1),
	(36, 'Địa chỉ 34', 'DHKTPM108', '1980-1981', '1957-10-03', 'email34@gmail.com', '1980-09-12', 'Nguyen Van HH', b'0', '0123456813', 1, 1, 1),
	(37, 'Địa chỉ 35', 'DHKTPM109', '1979-1980', '1956-11-04', 'email35@gmail.com', '1979-09-12', 'Nguyen Van II', b'1', '0123456814', 1, 1, 1),
	(38, 'Địa chỉ 36', 'DHKTPM1010', '1978-1979', '1955-12-05', 'email36@gmail.com', '1978-09-12', 'Nguyen Van JJ', b'0', '0123456815', 1, 1, 1),
	(39, 'Địa chỉ 37', 'DHKTPM1011', '1977-1978', '1954-01-06', 'email37@gmail.com', '1977-09-12', 'Nguyen Van KK', b'1', '0123456816', 1, 1, 1),
	(40, 'Địa chỉ 38', 'DHKTPM1012', '1976-1977', '1953-02-07', 'email38@gmail.com', '1976-09-12', 'Nguyen Van LL', b'0', '0123456817', 1, 1, 1),
	(41, 'Địa chỉ 39', 'DHKTPM1013', '1975-1976', '1952-03-08', 'email39@gmail.com', '1975-09-12', 'Nguyen Van MM', b'1', '0123456818', 1, 1, 1);

/*!40103 SET TIME_ZONE=IFNULL(@OLD_TIME_ZONE, 'system') */;
/*!40101 SET SQL_MODE=IFNULL(@OLD_SQL_MODE, '') */;
/*!40014 SET FOREIGN_KEY_CHECKS=IFNULL(@OLD_FOREIGN_KEY_CHECKS, 1) */;
/*!40101 SET CHARACTER_SET_CLIENT=@OLD_CHARACTER_SET_CLIENT */;
/*!40111 SET SQL_NOTES=IFNULL(@OLD_SQL_NOTES, 1) */;
